{
	"info": {
		"_postman_id": "d44e9215-3c61-4a14-8571-e9ddf06823cb",
		"name": "DeviceManagementWorkflows",
		"description": "This is collection of workflows using which Gateway/Thing devices can be created, enrolled, unenrolled.",
		"schema": "https://schema.getpostman.com/json/collection/v2.1.0/collection.json"
	},
	"item": [
		{
			"name": "Create Device Workflows",
			"item": [
				{
					"name": "Create Gateway Device",
					"item": [
						{
							"name": "Get User accessToken",
							"event": [
								{
									"listen": "test",
									"script": {
										"id": "0b5f9ebc-b995-4606-b8c8-4bad0011c2c8",
										"exec": [
											"var authResponse = pm.response.json();",
											"var counter = pm.globals.get(\"CGD_Counter\"); ",
											"if (counter === undefined){",
											"    counter = 0;",
											"}else{",
											"    counter = parseInt(counter)",
											"}",
											"postman.setGlobalVariable('CGD_Counter', counter + 1);",
											"postman.setGlobalVariable('UserAuthToken', \"Bearer \" + authResponse.accessToken);"
										],
										"type": "text/javascript"
									}
								}
							],
							"request": {
								"auth": {
									"type": "basic",
									"basic": [
										{
											"key": "password",
											"value": "vmware123",
											"type": "string"
										},
										{
											"key": "username",
											"value": "sysadmin@pulse.local",
											"type": "string"
										}
									]
								},
								"method": "GET",
								"header": [
									{
										"key": "Content-Type",
										"value": "application/json",
										"type": "text"
									}
								],
								"body": {
									"mode": "raw",
									"raw": ""
								},
								"url": {
									"raw": "https://{{URL}}:{{PORT}}/api/tokens",
									"protocol": "https",
									"host": [
										"{{URL}}"
									],
									"port": "{{PORT}}",
									"path": [
										"api",
										"tokens"
									]
								}
							},
							"response": []
						},
						{
							"name": "Create Template - GATEWAY",
							"event": [
								{
									"listen": "test",
									"script": {
										"id": "a93cce6d-e339-45ea-8784-cbf0d3617942",
										"exec": [
											"var templateId = pm.response.json();",
											"console.log(\"create device template(GATEWAY)  Response: \" + templateId)",
											"postman.setGlobalVariable('GatewayTemplateId', templateId.id);"
										],
										"type": "text/javascript"
									}
								},
								{
									"listen": "prerequest",
									"script": {
										"id": "ea1e75c2-7441-420d-b12a-15c245421801",
										"exec": [
											"var jsonTemplate = JSON.parse(request.data);",
											"pm.globals.set(\"TemplateName\", jsonTemplate.name);"
										],
										"type": "text/javascript"
									}
								}
							],
							"request": {
								"method": "POST",
								"header": [
									{
										"key": "Authorization",
										"value": "{{UserAuthToken}}"
									},
									{
										"key": "Content-Type",
										"value": "application/json"
									}
								],
								"body": {
									"mode": "raw",
									"raw": "{\n    \"name\" : \"CGD_Gateway_Template_{{CGD_Counter}}\",\n    \"deviceType\": \"Gateway\",\n    \"systemProperties\": [\n        {\n            \"name\": \"os\"\n        },\n        {\n            \"name\": \"platform\"\n        },\n        {\n            \"name\": \"version\"\n        }\n    ],\n    \"customProperties\": [\n        {\n            \"name\": \"make\",\n            \"value\": \"HONDA\"\n        },\n        {\n            \"name\": \"model\",\n            \"value\": \"PRIUS\"\n        },\n        {\n            \"name\": \"year\",\n            \"value\": \"2018\"\n        }\n    ],\n    \"allowedMetrics\": [\n        {\n            \"name\": \"CPU\",\n            \"valueType\": \"DOUBLE\"\n        },\n        {\n            \"name\": \"Memory\",\n            \"valueType\": \"DOUBLE\"\n        },\n        {\n            \"name\": \"Network\",\n            \"valueType\": \"DOUBLE\"\n        }\n    ],\n    \"childTemplates\": []\n}"
								},
								"url": {
									"raw": "https://{{URL}}:{{PORT}}/api/device-templates/",
									"protocol": "https",
									"host": [
										"{{URL}}"
									],
									"port": "{{PORT}}",
									"path": [
										"api",
										"device-templates",
										""
									]
								}
							},
							"response": []
						},
						{
							"name": "Create Device",
							"request": {
								"auth": {
									"type": "noauth"
								},
								"method": "POST",
								"header": [
									{
										"key": "Authorization",
										"value": "{{UserAuthToken}}"
									},
									{
										"key": "Content-Type",
										"value": "application/json"
									}
								],
								"body": {
									"mode": "raw",
									"raw": "{\n\t\"name\" : \"CGD_Gateway_Device_{{CGD_Counter}}\" ,\n\t\"templateName\" : \"{{TemplateName}}\"\n}"
								},
								"url": {
									"raw": "https://{{URL}}:{{PORT}}/api/devices",
									"protocol": "https",
									"host": [
										"{{URL}}"
									],
									"port": "{{PORT}}",
									"path": [
										"api",
										"devices"
									]
								}
							},
							"response": []
						}
					],
					"_postman_isSubFolder": true
				},
				{
					"name": "Create Connected Device",
					"item": [
						{
							"name": "Get User accessToken",
							"event": [
								{
									"listen": "test",
									"script": {
										"id": "0b5f9ebc-b995-4606-b8c8-4bad0011c2c8",
										"exec": [
											"var authResponse = pm.response.json();",
											"postman.setGlobalVariable('UserAuthToken', \"Bearer \" + authResponse.accessToken);"
										],
										"type": "text/javascript"
									}
								},
								{
									"listen": "prerequest",
									"script": {
										"id": "7e8fc288-e7f9-4372-a0c4-e2147bdd97e8",
										"exec": [
											"var counter = pm.globals.get(\"CCD_Counter\"); ",
											"if (counter === undefined){",
											"    counter = 0;",
											"}else{",
											"    counter = parseInt(counter)",
											"}",
											"postman.setGlobalVariable('CCD_Counter', counter + 1);"
										],
										"type": "text/javascript"
									}
								}
							],
							"request": {
								"auth": {
									"type": "basic",
									"basic": [
										{
											"key": "password",
											"value": "vmware123",
											"type": "string"
										},
										{
											"key": "username",
											"value": "sysadmin@pulse.local",
											"type": "string"
										}
									]
								},
								"method": "GET",
								"header": [
									{
										"key": "Content-Type",
										"type": "text",
										"value": "application/json"
									}
								],
								"body": {
									"mode": "raw",
									"raw": ""
								},
								"url": {
									"raw": "https://{{URL}}:{{PORT}}/api/tokens",
									"protocol": "https",
									"host": [
										"{{URL}}"
									],
									"port": "{{PORT}}",
									"path": [
										"api",
										"tokens"
									]
								}
							},
							"response": []
						},
						{
							"name": "Create Template - Thing",
							"event": [
								{
									"listen": "test",
									"script": {
										"id": "a93cce6d-e339-45ea-8784-cbf0d3617942",
										"exec": [
											"var templateId = pm.response.json();",
											"console.log(\"create device template(THING)  Response: \" + templateId)",
											"postman.setGlobalVariable('CCD_THING_TemplateId', templateId.id);"
										],
										"type": "text/javascript"
									}
								},
								{
									"listen": "prerequest",
									"script": {
										"id": "ea1e75c2-7441-420d-b12a-15c245421801",
										"exec": [
											"var jsonTemplate = JSON.parse(request.data);",
											"pm.globals.set(\"CCD_Thing_TemplateName\", jsonTemplate.name);"
										],
										"type": "text/javascript"
									}
								}
							],
							"request": {
								"method": "POST",
								"header": [
									{
										"key": "Authorization",
										"value": "{{UserAuthToken}}"
									},
									{
										"key": "Content-Type",
										"value": "application/json"
									}
								],
								"body": {
									"mode": "raw",
									"raw": "{\n    \"name\" : \"CCD_Thing_Template_{{CCD_Counter}}\",\n    \"deviceType\": \"Thing\",\n    \"systemProperties\": [\n        {\n            \"name\": \"os\"\n        },\n        {\n            \"name\": \"platform\"\n        },\n        {\n            \"name\": \"version\"\n        }\n    ],\n    \"customProperties\": [\n        {\n            \"name\": \"make\",\n            \"value\": \"HONDA\"\n        },\n        {\n            \"name\": \"model\",\n            \"value\": \"PRIUS\"\n        },\n        {\n            \"name\": \"year\",\n            \"value\": \"2018\"\n        }\n    ],\n    \"allowedMetrics\": [\n        {\n            \"name\": \"CPU\",\n            \"valueType\": \"DOUBLE\"\n        },\n        {\n            \"name\": \"Memory\",\n            \"valueType\": \"DOUBLE\"\n        },\n        {\n            \"name\": \"Network\",\n            \"valueType\": \"DOUBLE\"\n        }\n    ],\n    \"childTemplates\": []\n}"
								},
								"url": {
									"raw": "https://{{URL}}:{{PORT}}/api/device-templates/",
									"protocol": "https",
									"host": [
										"{{URL}}"
									],
									"port": "{{PORT}}",
									"path": [
										"api",
										"device-templates",
										""
									]
								}
							},
							"response": []
						},
						{
							"name": "Create Template - Gateway",
							"event": [
								{
									"listen": "test",
									"script": {
										"id": "a93cce6d-e339-45ea-8784-cbf0d3617942",
										"exec": [
											"var templateId = pm.response.json();",
											"console.log(\"create device template(GATEWAY)  Response: \" + templateId)",
											"postman.setGlobalVariable('CCD_GATEWAY_TemplateId', templateId.id);"
										],
										"type": "text/javascript"
									}
								},
								{
									"listen": "prerequest",
									"script": {
										"id": "ea1e75c2-7441-420d-b12a-15c245421801",
										"exec": [
											"var jsonTemplate = JSON.parse(request.data);",
											"pm.globals.set(\"CCD_GATEWAY_TemplateName\", jsonTemplate.name);"
										],
										"type": "text/javascript"
									}
								}
							],
							"request": {
								"method": "POST",
								"header": [
									{
										"key": "Authorization",
										"value": "{{UserAuthToken}}"
									},
									{
										"key": "Content-Type",
										"value": "application/json"
									}
								],
								"body": {
									"mode": "raw",
									"raw": "{\n    \"name\" : \"CCD_Gateway_Template_{{CCD_Counter}}\",\n    \"deviceType\": \"Gateway\",\n    \"systemProperties\": [\n        {\n            \"name\": \"os\"\n        },\n        {\n            \"name\": \"platform\"\n        },\n        {\n            \"name\": \"version\"\n        }\n    ],\n    \"customProperties\": [\n        {\n            \"name\": \"make\",\n            \"value\": \"HONDA\"\n        },\n        {\n            \"name\": \"model\",\n            \"value\": \"PRIUS\"\n        },\n        {\n            \"name\": \"year\",\n            \"value\": \"2018\"\n        }\n    ],\n    \"allowedMetrics\": [\n        {\n            \"name\": \"CPU\",\n            \"valueType\": \"DOUBLE\"\n        },\n        {\n            \"name\": \"Memory\",\n            \"valueType\": \"DOUBLE\"\n        },\n        {\n            \"name\": \"Network\",\n            \"valueType\": \"DOUBLE\"\n        }\n    ],\n    \"childTemplates\": [\"{{CCD_THING_TemplateId}}\"]\n}"
								},
								"url": {
									"raw": "https://{{URL}}:{{PORT}}/api/device-templates/",
									"protocol": "https",
									"host": [
										"{{URL}}"
									],
									"port": "{{PORT}}",
									"path": [
										"api",
										"device-templates",
										""
									]
								}
							},
							"response": []
						},
						{
							"name": "Create Gateway Device",
							"event": [
								{
									"listen": "test",
									"script": {
										"id": "b6d2e82a-40b1-40c0-96f4-f8a6dcbb0e3e",
										"exec": [
											"var device = pm.response.json();",
											"console.log(\"create device(GATEWAY)  Response: \" + device)",
											"postman.setGlobalVariable('CCD_GATEWAY_DeviceId', device.id);"
										],
										"type": "text/javascript"
									}
								}
							],
							"request": {
								"auth": {
									"type": "noauth"
								},
								"method": "POST",
								"header": [
									{
										"key": "Authorization",
										"value": "{{UserAuthToken}}"
									},
									{
										"key": "Content-Type",
										"value": "application/json"
									}
								],
								"body": {
									"mode": "raw",
									"raw": "{\n\t\"name\" : \"CCD_Gateway_Device_{{CCD_Counter}}\" ,\n\t\"templateName\" : \"{{CCD_GATEWAY_TemplateName}}\"\n}"
								},
								"url": {
									"raw": "https://{{URL}}:{{PORT}}/api/devices",
									"protocol": "https",
									"host": [
										"{{URL}}"
									],
									"port": "{{PORT}}",
									"path": [
										"api",
										"devices"
									]
								}
							},
							"response": []
						},
						{
							"name": "Create Connected Device",
							"event": [
								{
									"listen": "test",
									"script": {
										"id": "ed0bf456-4854-43a1-bfd2-acd8a3ac8371",
										"exec": [
											"var device = pm.response.json();",
											"console.log(\"create device(THING)  Response: \" + device)",
											"postman.setGlobalVariable('CCD_GATEWAY_DeviceId', device.id);"
										],
										"type": "text/javascript"
									}
								}
							],
							"request": {
								"auth": {
									"type": "noauth"
								},
								"method": "POST",
								"header": [
									{
										"key": "Authorization",
										"value": "{{UserAuthToken}}"
									},
									{
										"key": "Content-Type",
										"value": "application/json"
									}
								],
								"body": {
									"mode": "raw",
									"raw": "{\n\t\"name\" : \"CCD_Connected_Device_{{CCD_Counter}}\" ,\n\t\"templateName\" : \"{{CCD_Thing_TemplateName}}\",\n\t\"parentId\" : \"{{CCD_GATEWAY_DeviceId}}\"\n}"
								},
								"url": {
									"raw": "https://{{URL}}:{{PORT}}/api/devices",
									"protocol": "https",
									"host": [
										"{{URL}}"
									],
									"port": "{{PORT}}",
									"path": [
										"api",
										"devices"
									]
								}
							},
							"response": []
						}
					],
					"_postman_isSubFolder": true
				},
				{
					"name": "Create Connected Device with Enrolled State",
					"item": [
						{
							"name": "Get User accessToken",
							"event": [
								{
									"listen": "test",
									"script": {
										"id": "0b5f9ebc-b995-4606-b8c8-4bad0011c2c8",
										"exec": [
											"var authResponse = pm.response.json();",
											"postman.setGlobalVariable('UserAuthToken', \"Bearer \" + authResponse.accessToken);"
										],
										"type": "text/javascript"
									}
								},
								{
									"listen": "prerequest",
									"script": {
										"id": "211c763e-a84c-4f90-be0b-9edb02cb6bbe",
										"exec": [
											"var counter = pm.globals.get(\"CCDES_Counter\"); ",
											"if (counter === undefined){",
											"    counter = 0;",
											"}else{",
											"    counter = parseInt(counter)",
											"}",
											"postman.setGlobalVariable('CCDES_Counter', counter + 1);"
										],
										"type": "text/javascript"
									}
								}
							],
							"request": {
								"auth": {
									"type": "basic",
									"basic": [
										{
											"key": "password",
											"value": "vmware123",
											"type": "string"
										},
										{
											"key": "username",
											"value": "sysadmin@pulse.local",
											"type": "string"
										}
									]
								},
								"method": "GET",
								"header": [
									{
										"key": "Content-Type",
										"type": "text",
										"value": "application/json"
									}
								],
								"body": {
									"mode": "raw",
									"raw": ""
								},
								"url": {
									"raw": "https://{{URL}}:{{PORT}}/api/tokens",
									"protocol": "https",
									"host": [
										"{{URL}}"
									],
									"port": "{{PORT}}",
									"path": [
										"api",
										"tokens"
									]
								}
							},
							"response": []
						},
						{
							"name": "Create Template - Thing",
							"event": [
								{
									"listen": "test",
									"script": {
										"id": "a93cce6d-e339-45ea-8784-cbf0d3617942",
										"exec": [
											"var templateId = pm.response.json();",
											"console.log(\"create device template(THING)  Response: \" + templateId)",
											"postman.setGlobalVariable('CCDES_THING_TemplateId', templateId.id);"
										],
										"type": "text/javascript"
									}
								},
								{
									"listen": "prerequest",
									"script": {
										"id": "ea1e75c2-7441-420d-b12a-15c245421801",
										"exec": [
											"var jsonTemplate = JSON.parse(request.data);",
											"pm.globals.set(\"CCDES_Thing_TemplateName\", jsonTemplate.name);"
										],
										"type": "text/javascript"
									}
								}
							],
							"request": {
								"method": "POST",
								"header": [
									{
										"key": "Authorization",
										"value": "{{UserAuthToken}}"
									},
									{
										"key": "Content-Type",
										"value": "application/json"
									}
								],
								"body": {
									"mode": "raw",
									"raw": "{\n    \"name\" : \"CCDES_Thing_Template_{{CCDES_Counter}}\",\n    \"deviceType\": \"THING\",\n    \"systemProperties\": [\n        {\n            \"name\": \"os\"\n        },\n        {\n            \"name\": \"platform\"\n        },\n        {\n            \"name\": \"version\"\n        }\n    ],\n    \"customProperties\": [\n        {\n            \"name\": \"make\",\n            \"value\": \"HONDA\"\n        },\n        {\n            \"name\": \"model\",\n            \"value\": \"PRIUS\"\n        },\n        {\n            \"name\": \"year\",\n            \"value\": \"2018\"\n        }\n    ],\n    \"allowedMetrics\": [\n        {\n            \"name\": \"CPU\",\n            \"valueType\": \"DOUBLE\"\n        },\n        {\n            \"name\": \"Memory\",\n            \"valueType\": \"DOUBLE\"\n        },\n        {\n            \"name\": \"Network\",\n            \"valueType\": \"DOUBLE\"\n        }\n    ],\n    \"childTemplates\": []\n}"
								},
								"url": {
									"raw": "https://{{URL}}:{{PORT}}/api/device-templates/",
									"protocol": "https",
									"host": [
										"{{URL}}"
									],
									"port": "{{PORT}}",
									"path": [
										"api",
										"device-templates",
										""
									]
								}
							},
							"response": []
						},
						{
							"name": "Create Template - Gateway",
							"event": [
								{
									"listen": "test",
									"script": {
										"id": "a93cce6d-e339-45ea-8784-cbf0d3617942",
										"exec": [
											"var templateId = pm.response.json();",
											"console.log(\"create device template(GATEWAY)  Response: \" + templateId)",
											"postman.setGlobalVariable('CCDES_GATEWAY_TemplateId', templateId.id);"
										],
										"type": "text/javascript"
									}
								},
								{
									"listen": "prerequest",
									"script": {
										"id": "ea1e75c2-7441-420d-b12a-15c245421801",
										"exec": [
											"var jsonTemplate = JSON.parse(request.data);",
											"pm.globals.set(\"CCDES_GATEWAY_TemplateName\", jsonTemplate.name);"
										],
										"type": "text/javascript"
									}
								}
							],
							"request": {
								"method": "POST",
								"header": [
									{
										"key": "Authorization",
										"value": "{{UserAuthToken}}"
									},
									{
										"key": "Content-Type",
										"value": "application/json"
									}
								],
								"body": {
									"mode": "raw",
									"raw": "{\n    \"name\" : \"CCDES_Gateway_Template_{{CCDES_Counter}}\",\n    \"deviceType\": \"GATEWAY\",\n    \"systemProperties\": [\n        {\n            \"name\": \"os\"\n        },\n        {\n            \"name\": \"platform\"\n        },\n        {\n            \"name\": \"version\"\n        }\n    ],\n    \"customProperties\": [\n        {\n            \"name\": \"make\",\n            \"value\": \"HONDA\"\n        },\n        {\n            \"name\": \"model\",\n            \"value\": \"PRIUS\"\n        },\n        {\n            \"name\": \"year\",\n            \"value\": \"2018\"\n        }\n    ],\n    \"allowedMetrics\": [\n        {\n            \"name\": \"CPU\",\n            \"valueType\": \"DOUBLE\"\n        },\n        {\n            \"name\": \"Memory\",\n            \"valueType\": \"DOUBLE\"\n        },\n        {\n            \"name\": \"Network\",\n            \"valueType\": \"DOUBLE\"\n        }\n    ],\n    \"childTemplates\": [\"{{CCDES_THING_TemplateId}}\"]\n}"
								},
								"url": {
									"raw": "https://{{URL}}:{{PORT}}/api/device-templates/",
									"protocol": "https",
									"host": [
										"{{URL}}"
									],
									"port": "{{PORT}}",
									"path": [
										"api",
										"device-templates",
										""
									]
								}
							},
							"response": []
						},
						{
							"name": "Create Gateway Device",
							"event": [
								{
									"listen": "test",
									"script": {
										"id": "b6d2e82a-40b1-40c0-96f4-f8a6dcbb0e3e",
										"exec": [
											"var device = pm.response.json();",
											"console.log(\"create device(GATEWAY)  Response: \" + device)",
											"postman.setGlobalVariable('CCDES_GATEWAY_DeviceId', device.id);"
										],
										"type": "text/javascript"
									}
								}
							],
							"request": {
								"auth": {
									"type": "noauth"
								},
								"method": "POST",
								"header": [
									{
										"key": "Authorization",
										"value": "{{UserAuthToken}}"
									},
									{
										"key": "Content-Type",
										"value": "application/json"
									}
								],
								"body": {
									"mode": "raw",
									"raw": "{\n\t\"name\" : \"CCDES_Gateway_Device_{{CCDES_Counter}}\" ,\n\t\"templateName\" : \"{{CCDES_GATEWAY_TemplateName}}\"\n}"
								},
								"url": {
									"raw": "https://{{URL}}:{{PORT}}/api/devices",
									"protocol": "https",
									"host": [
										"{{URL}}"
									],
									"port": "{{PORT}}",
									"path": [
										"api",
										"devices"
									]
								}
							},
							"response": []
						},
						{
							"name": "Create Connected Device",
							"event": [
								{
									"listen": "test",
									"script": {
										"id": "54a4ae28-0847-4941-a660-1089fa3c065f",
										"exec": [
											"var device = pm.response.json();",
											"console.log(\"create device(THING)  Response: \" + device)",
											"postman.setGlobalVariable('CCDES_THING_DeviceId', device.id);"
										],
										"type": "text/javascript"
									}
								}
							],
							"request": {
								"auth": {
									"type": "noauth"
								},
								"method": "POST",
								"header": [
									{
										"key": "Authorization",
										"value": "{{UserAuthToken}}"
									},
									{
										"key": "Content-Type",
										"value": "application/json"
									}
								],
								"body": {
									"mode": "raw",
									"raw": "{\n\t\"name\" : \"CCDES_Connected_Device_{{CCDES_Counter}}\" ,\n\t\"templateName\" : \"{{CCDES_Thing_TemplateName}}\",\n\t\"parentId\" : \"{{CCDES_GATEWAY_DeviceId}}\"\n}"
								},
								"url": {
									"raw": "https://{{URL}}:{{PORT}}/api/devices",
									"protocol": "https",
									"host": [
										"{{URL}}"
									],
									"port": "{{PORT}}",
									"path": [
										"api",
										"devices"
									]
								}
							},
							"response": []
						},
						{
							"name": "Get Device Access Token",
							"event": [
								{
									"listen": "test",
									"script": {
										"id": "b7dcb499-252d-4f82-ac99-ff3bfdeb95e4",
										"exec": [
											"var authResponse = pm.response.json();",
											"console.log(\"Get Device Access token\")",
											"postman.setGlobalVariable('DeviceAuthToken', \"Bearer \" + authResponse.accessToken);"
										],
										"type": "text/javascript"
									}
								}
							],
							"request": {
								"auth": {
									"type": "bearer"
								},
								"method": "GET",
								"header": [
									{
										"key": "Content-Type",
										"value": "application/json"
									},
									{
										"warning": "This is a duplicate header and will be overridden by the Authorization header generated by Postman.",
										"key": "Authorization",
										"type": "text",
										"value": "{{UserAuthToken}}"
									}
								],
								"body": {
									"mode": "raw",
									"raw": ""
								},
								"url": {
									"raw": "https://{{URL}}:{{PORT}}/api/device-tokens/{{CCDES_GATEWAY_DeviceId}}",
									"protocol": "https",
									"host": [
										"{{URL}}"
									],
									"port": "{{PORT}}",
									"path": [
										"api",
										"device-tokens",
										"{{CCDES_GATEWAY_DeviceId}}"
									]
								}
							},
							"response": []
						},
						{
							"name": "Enroll Gateway Device",
							"request": {
								"method": "GET",
								"header": [
									{
										"key": "Authorization",
										"value": "{{DeviceAuthToken}}"
									},
									{
										"key": "Content-Type",
										"value": "application/json"
									}
								],
								"body": {
									"mode": "raw",
									"raw": ""
								},
								"url": {
									"raw": "https://{{URL}}:{{PORT}}/api/devices/{{CCDES_GATEWAY_DeviceId}}/enroll",
									"protocol": "https",
									"host": [
										"{{URL}}"
									],
									"port": "{{PORT}}",
									"path": [
										"api",
										"devices",
										"{{CCDES_GATEWAY_DeviceId}}",
										"enroll"
									]
								}
							},
							"response": []
						},
						{
							"name": "Enroll Connected Device",
							"request": {
								"method": "GET",
								"header": [
									{
										"key": "Authorization",
										"value": "{{DeviceAuthToken}}"
									},
									{
										"key": "Content-Type",
										"value": "application/json"
									}
								],
								"body": {
									"mode": "raw",
									"raw": ""
								},
								"url": {
									"raw": "https://{{URL}}:{{PORT}}/api/devices/{{CCDES_THING_DeviceId}}/enroll",
									"protocol": "https",
									"host": [
										"{{URL}}"
									],
									"port": "{{PORT}}",
									"path": [
										"api",
										"devices",
										"{{CCDES_THING_DeviceId}}",
										"enroll"
									]
								}
							},
							"response": []
						}
					],
					"event": [
						{
							"listen": "prerequest",
							"script": {
								"id": "4ce2e5db-e7d3-4bb4-a457-bd0d0ceff3c1",
								"type": "text/javascript",
								"exec": [
									""
								]
							}
						},
						{
							"listen": "test",
							"script": {
								"id": "4b93311e-39bf-4075-b58c-4eef5a1561c7",
								"type": "text/javascript",
								"exec": [
									""
								]
							}
						}
					],
					"_postman_isSubFolder": true
				}
			]
		},
		{
			"name": "All Device Management Requests",
			"item": [
				{
					"name": "Authentication Authorization APIs",
					"item": [
						{
							"name": "Get Auth",
							"event": [
								{
									"listen": "test",
									"script": {
										"id": "0b5f9ebc-b995-4606-b8c8-4bad0011c2c8",
										"exec": [
											"var authResponse = pm.response.json();",
											"postman.setGlobalVariable('UserAccessToken', \"Bearer \" + authResponse.accessToken);"
										],
										"type": "text/javascript"
									}
								}
							],
							"request": {
								"auth": {
									"type": "basic",
									"basic": [
										{
											"key": "password",
											"value": "vmware123",
											"type": "string"
										},
										{
											"key": "username",
											"value": "sysadmin@pulse.local",
											"type": "string"
										}
									]
								},
								"method": "GET",
								"header": [
									{
										"key": "Content-Type",
										"value": "application/json",
										"type": "text"
									}
								],
								"body": {
									"mode": "raw",
									"raw": ""
								},
								"url": {
									"raw": "https://{{URL}}:{{PORT}}/api/tokens",
									"protocol": "https",
									"host": [
										"{{URL}}"
									],
									"port": "{{PORT}}",
									"path": [
										"api",
										"tokens"
									]
								}
							},
							"response": []
						},
						{
							"name": "Get Device Token",
							"event": [
								{
									"listen": "test",
									"script": {
										"id": "b7dcb499-252d-4f82-ac99-ff3bfdeb95e4",
										"exec": [
											"var authResponse = pm.response.json();",
											"console.log(\"Get Device Access token\")",
											"postman.setGlobalVariable('DeviceAccessToken', \"Bearer \" + authResponse.accessToken);"
										],
										"type": "text/javascript"
									}
								}
							],
							"request": {
								"auth": {
									"type": "bearer"
								},
								"method": "GET",
								"header": [
									{
										"key": "Content-Type",
										"value": "application/json"
									},
									{
										"warning": "This is a duplicate header and will be overridden by the Authorization header generated by Postman.",
										"key": "Authorization",
										"value": "{{UserAccessToken}}",
										"type": "text"
									}
								],
								"body": {
									"mode": "raw",
									"raw": ""
								},
								"url": {
									"raw": "https://{{URL}}:{{PORT}}/api/device-tokens/{{device_id}}",
									"protocol": "https",
									"host": [
										"{{URL}}"
									],
									"port": "{{PORT}}",
									"path": [
										"api",
										"device-tokens",
										"{{device_id}}"
									]
								}
							},
							"response": []
						},
						{
							"name": "Get Device Credential",
							"event": [
								{
									"listen": "test",
									"script": {
										"id": "b7dcb499-252d-4f82-ac99-ff3bfdeb95e4",
										"exec": [
											"var authResponse = pm.response.json();",
											"console.log(\"Get Device Access token\")",
											"postman.setGlobalVariable('DeviceAccessToken', \"Bearer \" + authResponse.accessToken);"
										],
										"type": "text/javascript"
									}
								}
							],
							"request": {
								"auth": {
									"type": "bearer"
								},
								"method": "GET",
								"header": [
									{
										"key": "Content-Type",
										"value": "application/json"
									},
									{
										"key": "Authorization",
										"type": "text",
										"value": "{{UserAccessToken}}",
										"warning": "This is a duplicate header and will be overridden by the Authorization header generated by Postman."
									}
								],
								"body": {
									"mode": "raw",
									"raw": ""
								},
								"url": {
									"raw": "https://{{URL}}:{{PORT}}/api/device-credentials/{id}?expiryTime=1000000",
									"protocol": "https",
									"host": [
										"{{URL}}"
									],
									"port": "{{PORT}}",
									"path": [
										"api",
										"device-credentials",
										"{id}"
									],
									"query": [
										{
											"key": "expiryTime",
											"value": "1000000"
										}
									]
								}
							},
							"response": []
						}
					],
					"_postman_isSubFolder": true
				},
				{
					"name": "Device Template APIs",
					"item": [
						{
							"name": "Create Template",
							"request": {
								"method": "POST",
								"header": [
									{
										"key": "Authorization",
										"value": "{{UserAccessToken}}"
									},
									{
										"key": "Content-Type",
										"value": "application/json"
									}
								],
								"body": {
									"mode": "raw",
									"raw": "{\n    \"name\" : \"DeviceTemplateName\",\n    \"deviceType\": \"GATEWAY\",\n    \"systemProperties\": [\n        { \"name\": \"system_property_1\" },\n        { \"name\": \"system_property_2\" },\n        { \"name\": \"system_property_3\" }\n    ],\n    \"customProperties\": [\n        {\n            \"name\": \"custom_property_name_1\",\n            \"value\": \"custom_property_value_1\"\n        },\n        {\n            \"name\": \"custom_property_name_2\",\n            \"value\": \"custom_property_value_2\"\n        },\n        {\n            \"name\": \"custom_property_name_3\",\n            \"value\": \"custom_property_value_3\"\n        }\n    ],\n    \"allowedMetrics\": [\n        {\n            \"name\": \"allowed_metric_1\",\n            \"valueType\" : \"INT64\"\n        },\n        {\n            \"name\": \"allowed_metric_2\",\n            \"valueType\" : \"DOUBLE\"\n        },\n        {\n            \"name\": \"allowed_metric_3\",\n            \"valueType\" : \"STRING\"\n        },\n        {\n            \"name\": \"allowed_metric_4\",\n            \"valueType\" : \"BOOLEAN\"\n        }\n    ],\n    \"childTemplates\": [\"template_id_1\", \"template_id_1\"]\n}"
								},
								"url": {
									"raw": "https://{{URL}}:{{PORT}}/api/device-templates",
									"protocol": "https",
									"host": [
										"{{URL}}"
									],
									"port": "{{PORT}}",
									"path": [
										"api",
										"device-templates"
									]
								}
							},
							"response": []
						},
						{
							"name": "UpdateTemplate",
							"request": {
								"method": "PUT",
								"header": [
									{
										"key": "Authorization",
										"value": "{{UserAccessToken}}"
									},
									{
										"key": "Content-Type",
										"value": "application/json"
									}
								],
								"body": {
									"mode": "raw",
									"raw": "{\n    \"name\" : \"DeviceTemplateName\",\n    \"deviceType\": \"GATEWAY\",\n    \"systemProperties\": [\n        { \"name\": \"system_property_1\" },\n        { \"name\": \"system_property_2\" },\n        { \"name\": \"system_property_3\" }\n    ],\n    \"customProperties\": [\n        {\n            \"name\": \"custom_property_name_1\",\n            \"value\": \"custom_property_value_1\"\n        },\n        {\n            \"name\": \"custom_property_name_2\",\n            \"value\": \"custom_property_value_2\"\n        },\n        {\n            \"name\": \"custom_property_name_3\",\n            \"value\": \"custom_property_value_3\"\n        }\n    ],\n    \"allowedMetrics\": [\n        {\n            \"name\": \"allowed_metric_1\",\n            \"valueType\" : \"INT64\"\n        },\n        {\n            \"name\": \"allowed_metric_2\",\n            \"valueType\" : \"DOUBLE\"\n        },\n        {\n            \"name\": \"allowed_metric_3\",\n            \"valueType\" : \"STRING\"\n        },\n        {\n            \"name\": \"allowed_metric_4\",\n            \"valueType\" : \"BOOLEAN\"\n        }\n    ],\n    \"childTemplates\": [\"template_id_1\", \"template_id_1\"]\n}"
								},
								"url": {
									"raw": "https://{{URL}}:{{PORT}}/api/device-templates/{{template_id}}",
									"protocol": "https",
									"host": [
										"{{URL}}"
									],
									"port": "{{PORT}}",
									"path": [
										"api",
										"device-templates",
										"{{template_id}}"
									]
								}
							},
							"response": []
						},
						{
							"name": "Get Template by ID",
							"request": {
								"method": "GET",
								"header": [
									{
										"key": "Authorization",
										"value": "{{UserAccessToken}}"
									},
									{
										"key": "Content-Type",
										"value": "application/json"
									}
								],
								"body": {
									"mode": "raw",
									"raw": ""
								},
								"url": {
									"raw": "https://{{URL}}:{{PORT}}/api/device-templates/{{template_id}}",
									"protocol": "https",
									"host": [
										"{{URL}}"
									],
									"port": "{{PORT}}",
									"path": [
										"api",
										"device-templates",
										"{{template_id}}"
									]
								},
								"description": "Get Templates"
							},
							"response": []
						},
						{
							"name": "List Templates by IDs",
							"request": {
								"method": "GET",
								"header": [
									{
										"key": "Authorization",
										"value": "{{UserAccessToken}}"
									},
									{
										"key": "Content-Type",
										"value": "application/json"
									}
								],
								"body": {
									"mode": "raw",
									"raw": ""
								},
								"url": {
									"raw": "https://{{URL}}:{{PORT}}/api/device-templates?id={{template_Id_1}}&id={{template_Id_2}}&page={{page_number}}&pageSize={{page_size}}",
									"protocol": "https",
									"host": [
										"{{URL}}"
									],
									"port": "{{PORT}}",
									"path": [
										"api",
										"device-templates"
									],
									"query": [
										{
											"key": "id",
											"value": "{{template_Id_1}}"
										},
										{
											"key": "id",
											"value": "{{template_Id_2}}"
										},
										{
											"key": "page",
											"value": "{{page_number}}"
										},
										{
											"key": "pageSize",
											"value": "{{page_size}}"
										}
									]
								},
								"description": "List all device templates by template ID's"
							},
							"response": []
						},
						{
							"name": "List Templates by template Name",
							"request": {
								"method": "GET",
								"header": [
									{
										"key": "Authorization",
										"value": "{{UserAccessToken}}"
									},
									{
										"key": "Content-Type",
										"value": "application/json"
									}
								],
								"body": {
									"mode": "raw",
									"raw": ""
								},
								"url": {
									"raw": "https://{{URL}}:{{PORT}}/api/device-templates?name={{template_name}}&page={{page_number}}&pageSize={{page_size}}",
									"protocol": "https",
									"host": [
										"{{URL}}"
									],
									"port": "{{PORT}}",
									"path": [
										"api",
										"device-templates"
									],
									"query": [
										{
											"key": "name",
											"value": "{{template_name}}"
										},
										{
											"key": "page",
											"value": "{{page_number}}"
										},
										{
											"key": "pageSize",
											"value": "{{page_size}}"
										}
									]
								},
								"description": "List all device templates by template Name like '%text%'"
							},
							"response": []
						},
						{
							"name": "List Templates by Device Type",
							"request": {
								"method": "GET",
								"header": [
									{
										"key": "Authorization",
										"value": "{{UserAccessToken}}"
									},
									{
										"key": "Content-Type",
										"value": "application/json"
									}
								],
								"body": {
									"mode": "raw",
									"raw": ""
								},
								"url": {
									"raw": "https://{{URL}}:{{PORT}}/api/device-templates?deviceType={{template_deviceType}}&page={{page_number}}&pageSize={{page_size}}",
									"protocol": "https",
									"host": [
										"{{URL}}"
									],
									"port": "{{PORT}}",
									"path": [
										"api",
										"device-templates"
									],
									"query": [
										{
											"key": "deviceType",
											"value": "{{template_deviceType}}"
										},
										{
											"key": "page",
											"value": "{{page_number}}"
										},
										{
											"key": "pageSize",
											"value": "{{page_size}}"
										}
									]
								},
								"description": "List device templates by deviceType, GATEWAY/THING"
							},
							"response": []
						},
						{
							"name": "List All Templates Copy",
							"request": {
								"method": "GET",
								"header": [
									{
										"key": "Authorization",
										"value": "{{UserAccessToken}}"
									},
									{
										"key": "Content-Type",
										"value": "application/json"
									}
								],
								"body": {
									"mode": "raw",
									"raw": ""
								},
								"url": {
									"raw": "https://{{URL}}:{{PORT}}/api/device-templates?page={{page_number}}&pageSize={{page_size}}",
									"protocol": "https",
									"host": [
										"{{URL}}"
									],
									"port": "{{PORT}}",
									"path": [
										"api",
										"device-templates"
									],
									"query": [
										{
											"key": "page",
											"value": "{{page_number}}"
										},
										{
											"key": "pageSize",
											"value": "{{page_size}}"
										}
									]
								},
								"description": "List all device templates"
							},
							"response": []
						},
						{
							"name": "DeleteTemplate",
							"request": {
								"method": "DELETE",
								"header": [
									{
										"key": "Authorization",
										"value": "{{UserAccessToken}}"
									},
									{
										"key": "Content-Type",
										"value": "application/json"
									}
								],
								"body": {
									"mode": "raw",
									"raw": ""
								},
								"url": {
									"raw": "https://{{URL}}:{{PORT}}/api/device-templates/{{template_id}}",
									"protocol": "https",
									"host": [
										"{{URL}}"
									],
									"port": "{{PORT}}",
									"path": [
										"api",
										"device-templates",
										"{{template_id}}"
									]
								},
								"description": "Get Templates"
							},
							"response": []
						}
					],
					"_postman_isSubFolder": true
				},
				{
					"name": "Device APIs",
					"item": [
						{
							"name": "Create Device",
							"request": {
								"auth": {
									"type": "noauth"
								},
								"method": "POST",
								"header": [
									{
										"key": "Authorization",
										"value": "{{UserAccessToken}}"
									},
									{
										"key": "Content-Type",
										"value": "application/json"
									}
								],
								"body": {
									"mode": "raw",
									"raw": "{\n\t\"name\" : \"DeviceName\" ,\n\t\"templateName\" : \"DeviceTemplateName\"\n}"
								},
								"url": {
									"raw": "https://{{URL}}:{{PORT}}/api/devices",
									"protocol": "https",
									"host": [
										"{{URL}}"
									],
									"port": "{{PORT}}",
									"path": [
										"api",
										"devices"
									]
								},
								"description": "Create a device"
							},
							"response": []
						},
						{
							"name": "Create Connected Device",
							"request": {
								"auth": {
									"type": "noauth"
								},
								"method": "POST",
								"header": [
									{
										"key": "Authorization",
										"value": "{{UserAccessToken}}"
									},
									{
										"key": "Content-Type",
										"value": "application/json"
									}
								],
								"body": {
									"mode": "raw",
									"raw": "{\n\t\"name\" : \"DeviceName\" ,\n\t\"templateName\" : \"DeviceTemplateName\",\n\t\"parentId\": \"<parentDeviceIdentifier>\"\n}"
								},
								"url": {
									"raw": "https://{{URL}}:{{PORT}}/api/devices",
									"protocol": "https",
									"host": [
										"{{URL}}"
									],
									"port": "{{PORT}}",
									"path": [
										"api",
										"devices"
									]
								},
								"description": "Create a connected device.\nAdd this device to parent device."
							},
							"response": []
						},
						{
							"name": "Enroll Device",
							"request": {
								"method": "GET",
								"header": [
									{
										"key": "Authorization",
										"value": "{{DeviceAccessToken}}"
									},
									{
										"key": "Content-Type",
										"value": "application/json"
									}
								],
								"body": {
									"mode": "raw",
									"raw": ""
								},
								"url": {
									"raw": "https://{{URL}}:{{PORT}}/api/devices/{{device_id}}/enroll",
									"protocol": "https",
									"host": [
										"{{URL}}"
									],
									"port": "{{PORT}}",
									"path": [
										"api",
										"devices",
										"{{device_id}}",
										"enroll"
									]
								},
								"description": "Enroll new device"
							},
							"response": []
						},
						{
							"name": "Get Device By Id",
							"request": {
								"method": "GET",
								"header": [
									{
										"key": "Authorization",
										"value": "{{UserAccessToken}}"
									},
									{
										"key": "Content-Type",
										"value": "application/json"
									}
								],
								"body": {
									"mode": "raw",
									"raw": ""
								},
								"url": {
									"raw": "http://{{URL}}:{{PORT}}/api/devices/{{device_id}}",
									"protocol": "http",
									"host": [
										"{{URL}}"
									],
									"port": "{{PORT}}",
									"path": [
										"api",
										"devices",
										"{{device_id}}"
									]
								}
							},
							"response": []
						},
						{
							"name": "List Devices By Name",
							"request": {
								"method": "GET",
								"header": [
									{
										"key": "Authorization",
										"value": "{{UserAccessToken}}"
									},
									{
										"key": "Content-Type",
										"value": "application/json"
									}
								],
								"body": {
									"mode": "raw",
									"raw": ""
								},
								"url": {
									"raw": "https://{{URL}}:{{PORT}}/api/devices?name={{listby_name}}&page={{page_number}}&pageSize={{page_size}}",
									"protocol": "https",
									"host": [
										"{{URL}}"
									],
									"port": "{{PORT}}",
									"path": [
										"api",
										"devices"
									],
									"query": [
										{
											"key": "name",
											"value": "{{listby_name}}"
										},
										{
											"key": "page",
											"value": "{{page_number}}"
										},
										{
											"key": "pageSize",
											"value": "{{page_size}}"
										}
									]
								}
							},
							"response": []
						},
						{
							"name": "List Devices by parent device ID",
							"request": {
								"method": "GET",
								"header": [
									{
										"key": "Authorization",
										"value": "{{UserAccessToken}}"
									},
									{
										"key": "Content-Type",
										"value": "application/json"
									}
								],
								"body": {
									"mode": "raw",
									"raw": ""
								},
								"url": {
									"raw": "https://{{URL}}:{{PORT}}/api/devices?parentId={{listby_parentId}}&page={{page_number}}&pageSize={{page_size}}",
									"protocol": "https",
									"host": [
										"{{URL}}"
									],
									"port": "{{PORT}}",
									"path": [
										"api",
										"devices"
									],
									"query": [
										{
											"key": "parentId",
											"value": "{{listby_parentId}}"
										},
										{
											"key": "page",
											"value": "{{page_number}}"
										},
										{
											"key": "pageSize",
											"value": "{{page_size}}"
										}
									]
								}
							},
							"response": []
						},
						{
							"name": "List Devices By DeviceType",
							"request": {
								"method": "GET",
								"header": [
									{
										"key": "Authorization",
										"value": "{{UserAccessToken}}"
									},
									{
										"key": "Content-Type",
										"value": "application/json"
									}
								],
								"body": {
									"mode": "raw",
									"raw": ""
								},
								"url": {
									"raw": "https://{{URL}}:{{PORT}}/api/devices?deviceType={{listby_deviceType}}&page={{page_number}}&pageSize={{page_size}}",
									"protocol": "https",
									"host": [
										"{{URL}}"
									],
									"port": "{{PORT}}",
									"path": [
										"api",
										"devices"
									],
									"query": [
										{
											"key": "deviceType",
											"value": "{{listby_deviceType}}"
										},
										{
											"key": "page",
											"value": "{{page_number}}"
										},
										{
											"key": "pageSize",
											"value": "{{page_size}}"
										}
									]
								}
							},
							"response": []
						},
						{
							"name": "List Devices by IDs",
							"request": {
								"method": "GET",
								"header": [
									{
										"key": "Authorization",
										"value": "{{UserAccessToken}}"
									},
									{
										"key": "Content-Type",
										"value": "application/json"
									}
								],
								"body": {
									"mode": "raw",
									"raw": ""
								},
								"url": {
									"raw": "https://{{URL}}:{{PORT}}/api/devices?id={{listby_deviceId_1}}&id={{listby_deviceId_2}}&page={{page_number}}&pageSize={{page_size}}",
									"protocol": "https",
									"host": [
										"{{URL}}"
									],
									"port": "{{PORT}}",
									"path": [
										"api",
										"devices"
									],
									"query": [
										{
											"key": "id",
											"value": "{{listby_deviceId_1}}"
										},
										{
											"key": "id",
											"value": "{{listby_deviceId_2}}"
										},
										{
											"key": "page",
											"value": "{{page_number}}"
										},
										{
											"key": "pageSize",
											"value": "{{page_size}}"
										}
									]
								}
							},
							"response": []
						},
						{
							"name": "List Devices by Enrollment State",
							"request": {
								"method": "GET",
								"header": [
									{
										"key": "Authorization",
										"value": "{{UserAccessToken}}"
									},
									{
										"key": "Content-Type",
										"value": "application/json"
									}
								],
								"body": {
									"mode": "raw",
									"raw": ""
								},
								"url": {
									"raw": "https://{{URL}}:{{PORT}}/api/devices?enrollmentState=ENROLLED",
									"protocol": "https",
									"host": [
										"{{URL}}"
									],
									"port": "{{PORT}}",
									"path": [
										"api",
										"devices"
									],
									"query": [
										{
											"key": "enrollmentState",
											"value": "ENROLLED"
										}
									]
								}
							},
							"response": []
						},
						{
							"name": "List Devices by template IDs",
							"request": {
								"method": "GET",
								"header": [
									{
										"key": "Authorization",
										"value": "{{AuthToken}}"
									},
									{
										"key": "Content-Type",
										"value": "application/json"
									}
								],
								"body": {
									"mode": "raw",
									"raw": ""
								},
								"url": {
									"raw": "https://{{URL}}:{{PORT}}/api/devices?templateId={{listby_templateId_1}}&templateId={{listby_templateId_2}}&page={{page_number}}&pageSize={{page_size}}",
									"protocol": "https",
									"host": [
										"{{URL}}"
									],
									"port": "{{PORT}}",
									"path": [
										"api",
										"devices"
									],
									"query": [
										{
											"key": "templateId",
											"value": "{{listby_templateId_1}}"
										},
										{
											"key": "templateId",
											"value": "{{listby_templateId_2}}"
										},
										{
											"key": "page",
											"value": "{{page_number}}"
										},
										{
											"key": "pageSize",
											"value": "{{page_size}}"
										}
									]
								}
							},
							"response": []
						},
						{
							"name": "List All Devices",
							"request": {
								"method": "GET",
								"header": [
									{
										"key": "Authorization",
										"value": "{{UserAccessToken}}"
									},
									{
										"key": "Content-Type",
										"value": "application/json"
									}
								],
								"body": {
									"mode": "raw",
									"raw": ""
								},
								"url": {
									"raw": "https://{{URL}}:{{PORT}}/api/devices?pageInfo.page={{page_number}}&pageInfo.pageSize={{page_size}}",
									"protocol": "https",
									"host": [
										"{{URL}}"
									],
									"port": "{{PORT}}",
									"path": [
										"api",
										"devices"
									],
									"query": [
										{
											"key": "pageInfo.page",
											"value": "{{page_number}}"
										},
										{
											"key": "pageInfo.pageSize",
											"value": "{{page_size}}"
										}
									]
								}
							},
							"response": []
						},
						{
							"name": "UpdateDeviceSystemProperties",
							"request": {
								"method": "POST",
								"header": [
									{
										"key": "Authorization",
										"value": "{{DeviceAccessToken}}"
									},
									{
										"key": "Content-Type",
										"value": "application/json"
									}
								],
								"body": {
									"mode": "raw",
									"raw": "{\r\n\t\"upsert\": [\r\n\t\t\t{\"name\": \"os\", \"value\": \"Windows\"},\r\n\t\t\t{\"name\": \"version\", \"value \": \"1 \"}\r\n\t\t],\r\n\t\"remove\": [\"model\", \"make\"]\r\n}"
								},
								"url": {
									"raw": "https://{{URL}}:{{PORT}}/api/devices/{{device_id}}/system-properties",
									"protocol": "https",
									"host": [
										"{{URL}}"
									],
									"port": "{{PORT}}",
									"path": [
										"api",
										"devices",
										"{{device_id}}",
										"system-properties"
									]
								}
							},
							"response": []
						},
						{
							"name": "UpdateDeviceCystomProperties",
							"request": {
								"method": "POST",
								"header": [
									{
										"key": "Authorization",
										"value": "{{UserAccessToken}}"
									},
									{
										"key": "Content-Type",
										"value": "application/json"
									}
								],
								"body": {
									"mode": "raw",
									"raw": "{\r\n\t\"upsert\": [\r\n\t\t\t{\"name\": \"os\", \"value\": \"Windows\"},\r\n\t\t\t{\"name\": \"version\", \"value \": \"1 \"}\r\n\t\t],\r\n\t\"remove\": [\"model\", \"make\"]\r\n}"
								},
								"url": {
									"raw": "https://{{URL}}:{{PORT}}/api/devices/{{device_id}}/custom-properties",
									"protocol": "https",
									"host": [
										"{{URL}}"
									],
									"port": "{{PORT}}",
									"path": [
										"api",
										"devices",
										"{{device_id}}",
										"custom-properties"
									]
								}
							},
							"response": []
						},
						{
							"name": "Unenroll Device",
							"request": {
								"method": "DELETE",
								"header": [
									{
										"key": "Authorization",
										"value": "{{DeviceAccessToken}}"
									},
									{
										"key": "Content-Type",
										"value": "application/json"
									}
								],
								"body": {
									"mode": "raw",
									"raw": ""
								},
								"url": {
									"raw": "https://{{URL}}:{{PORT}}/api/devices/{{device_id}}/unenroll",
									"protocol": "https",
									"host": [
										"{{URL}}"
									],
									"port": "{{PORT}}",
									"path": [
										"api",
										"devices",
										"{{device_id}}",
										"unenroll"
									]
								},
								"description": "Enroll new device"
							},
							"response": []
						},
						{
							"name": "Delete device",
							"request": {
								"method": "DELETE",
								"header": [
									{
										"key": "Authorization",
										"value": "{{UserAccessToken}}"
									},
									{
										"key": "Content-Type",
										"value": "application/json"
									}
								],
								"body": {
									"mode": "raw",
									"raw": ""
								},
								"url": {
									"raw": "https://{{URL}}:{{PORT}}/api/devices/{{device_id}}",
									"protocol": "https",
									"host": [
										"{{URL}}"
									],
									"port": "{{PORT}}",
									"path": [
										"api",
										"devices",
										"{{device_id}}"
									]
								}
							},
							"response": []
						}
					],
					"_postman_isSubFolder": true
				}
			]
		}
	],
	"event": [
		{
			"listen": "prerequest",
			"script": {
				"id": "f8fbaef9-0d18-4c8f-833d-d5f338e84ae0",
				"type": "text/javascript",
				"exec": [
					""
				]
			}
		},
		{
			"listen": "test",
			"script": {
				"id": "a739d8f1-6471-461d-9afe-da0bbc2164a8",
				"type": "text/javascript",
				"exec": [
					""
				]
			}
		}
	],
	"variable": [
		{
			"id": "05f5ee9b-66ee-4cc4-9a34-e87eeefcc50b",
			"key": "URL",
			"value": "192.168.150.142",
			"type": "string"
		},
		{
			"id": "98ab1e5f-a868-456c-9864-39325a8dcf82",
			"key": "PORT",
			"value": "443",
			"type": "string"
		}
	]
}